participant_id	session_id	alternative_id_1	sex	education_level	age_bl	cdr	diagnosis_bl	laterality	MMS	cdr_global	diagnosis
sub-OASIS10001	ses-M00	OAS1_0001_MR1	F	2.0	74	0.0	CN	R	29.0	0.0	CN
sub-OASIS10003	ses-M00	OAS1_0003_MR1	F	4.0	73	0.5	AD	R	27.0	0.5	AD
sub-OASIS10010	ses-M00	OAS1_0010_MR1	M	5.0	74	0.0	CN	R	30.0	0.0	CN
sub-OASIS10013	ses-M00	OAS1_0013_MR1	F	5.0	81	0.0	CN	R	30.0	0.0	CN
sub-OASIS10015	ses-M00	OAS1_0015_MR1	M	2.0	76	0.5	AD	R	28.0	0.5	AD
sub-OASIS10016	ses-M00	OAS1_0016_MR1	M	2.0	82	0.5	AD	R	27.0	0.5	AD
sub-OASIS10019	ses-M00	OAS1_0019_MR1	F	5.0	89	0.0	CN	R	30.0	0.0	CN
sub-OASIS10021	ses-M00	OAS1_0021_MR1	F	3.0	80	0.5	AD	R	23.0	0.5	AD
sub-OASIS10022	ses-M00	OAS1_0022_MR1	F	2.0	69	0.5	AD	R	23.0	0.5	AD
sub-OASIS10023	ses-M00	OAS1_0023_MR1	M	2.0	82	0.5	AD	R	27.0	0.5	AD
sub-OASIS10028	ses-M00	OAS1_0028_MR1	F	2.0	86	1.0	AD	R	27.0	1.0	AD
sub-OASIS10030	ses-M00	OAS1_0030_MR1	F	2.0	65	0.0	CN	R	29.0	0.0	CN
sub-OASIS10031	ses-M00	OAS1_0031_MR1	M	1.0	88	1.0	AD	R	26.0	1.0	AD
sub-OASIS10032	ses-M00	OAS1_0032_MR1	M	4.0	89	0.0	CN	R	28.0	0.0	CN
sub-OASIS10033	ses-M00	OAS1_0033_MR1	F	4.0	80	0.0	CN	R	29.0	0.0	CN
sub-OASIS10035	ses-M00	OAS1_0035_MR1	F	3.0	84	1.0	AD	R	28.0	1.0	AD
sub-OASIS10039	ses-M00	OAS1_0039_MR1	M	4.0	70	0.5	AD	R	29.0	0.5	AD
sub-OASIS10041	ses-M00	OAS1_0041_MR1	F	2.0	62	0.5	AD	R	28.0	0.5	AD
sub-OASIS10042	ses-M00	OAS1_0042_MR1	M	4.0	80	0.5	AD	R	29.0	0.5	AD
sub-OASIS10046	ses-M00	OAS1_0046_MR1	M	2.0	64	0.5	AD	R	22.0	0.5	AD
sub-OASIS10052	ses-M00	OAS1_0052_MR1	F	1.0	78	1.0	AD	R	23.0	1.0	AD
sub-OASIS10053	ses-M00	OAS1_0053_MR1	F	1.0	83	1.0	AD	R	21.0	1.0	AD
sub-OASIS10056	ses-M00	OAS1_0056_MR1	F	3.0	72	1.0	AD	R	15.0	1.0	AD
sub-OASIS10060	ses-M00	OAS1_0060_MR1	M	4.0	79	0.5	AD	R	29.0	0.5	AD
sub-OASIS10062	ses-M00	OAS1_0062_MR1	F	3.0	73	0.0	CN	R	30.0	0.0	CN
sub-OASIS10064	ses-M00	OAS1_0064_MR1	F	1.0	77	0.0	CN	R	29.0	0.0	CN
sub-OASIS10065	ses-M00	OAS1_0065_MR1	M	2.0	90	0.0	CN	R	25.0	0.0	CN
sub-OASIS10066	ses-M00	OAS1_0066_MR1	F	1.0	66	0.5	AD	R	28.0	0.5	AD
sub-OASIS10067	ses-M00	OAS1_0067_MR1	F	4.0	71	1.0	AD	R	27.0	1.0	AD
sub-OASIS10068	ses-M00	OAS1_0068_MR1	F	3.0	67	0.0	CN	R	30.0	0.0	CN
sub-OASIS10070	ses-M00	OAS1_0070_MR1	F	3.0	63	0.0	CN	R	30.0	0.0	CN
sub-OASIS10073	ses-M00	OAS1_0073_MR1	F	2.0	69	1.0	AD	R	21.0	1.0	AD
sub-OASIS10075	ses-M00	OAS1_0075_MR1	F	3.0	83	0.0	CN	R	30.0	0.0	CN
sub-OASIS10078	ses-M00	OAS1_0078_MR1	F	3.0	64	0.0	CN	R	30.0	0.0	CN
sub-OASIS10082	ses-M00	OAS1_0082_MR1	F	2.0	75	0.5	AD	R	28.0	0.5	AD
sub-OASIS10083	ses-M00	OAS1_0083_MR1	F	5.0	90	0.0	CN	R	27.0	0.0	CN
sub-OASIS10084	ses-M00	OAS1_0084_MR1	F	2.0	81	0.5	AD	R	27.0	0.5	AD
sub-OASIS10085	ses-M00	OAS1_0085_MR1	F	2.0	70	0.0	CN	R	29.0	0.0	CN
sub-OASIS10094	ses-M00	OAS1_0094_MR1	F	2.0	66	0.5	AD	R	30.0	0.5	AD
sub-OASIS10098	ses-M00	OAS1_0098_MR1	F	2.0	67	0.5	AD	R	18.0	0.5	AD
sub-OASIS10106	ses-M00	OAS1_0106_MR1	F	2.0	81	0.0	CN	R	30.0	0.0	CN
sub-OASIS10109	ses-M00	OAS1_0109_MR1	F	4.0	61	0.0	CN	R	30.0	0.0	CN
sub-OASIS10110	ses-M00	OAS1_0110_MR1	M	3.0	84	0.0	CN	R	28.0	0.0	CN
sub-OASIS10112	ses-M00	OAS1_0112_MR1	F	5.0	69	0.0	CN	R	29.0	0.0	CN
sub-OASIS10113	ses-M00	OAS1_0113_MR1	F	2.0	83	0.0	CN	R	29.0	0.0	CN
sub-OASIS10114	ses-M00	OAS1_0114_MR1	M	2.0	62	0.0	CN	R	30.0	0.0	CN
sub-OASIS10115	ses-M00	OAS1_0115_MR1	M	5.0	72	0.5	AD	R	26.0	0.5	AD
sub-OASIS10120	ses-M00	OAS1_0120_MR1	M	4.0	70	0.5	AD	R	26.0	0.5	AD
sub-OASIS10122	ses-M00	OAS1_0122_MR1	F	5.0	83	1.0	AD	R	22.0	1.0	AD
sub-OASIS10123	ses-M00	OAS1_0123_MR1	F	3.0	83	0.5	AD	R	24.0	0.5	AD
sub-OASIS10124	ses-M00	OAS1_0124_MR1	M	2.0	73	0.5	AD	R	23.0	0.5	AD
sub-OASIS10130	ses-M00	OAS1_0130_MR1	M	3.0	68	0.0	CN	R	26.0	0.0	CN
sub-OASIS10133	ses-M00	OAS1_0133_MR1	F	5.0	65	0.0	CN	R	30.0	0.0	CN
sub-OASIS10134	ses-M00	OAS1_0134_MR1	M	2.0	80	1.0	AD	R	20.0	1.0	AD
sub-OASIS10135	ses-M00	OAS1_0135_MR1	M	2.0	64	0.0	CN	R	29.0	0.0	CN
sub-OASIS10137	ses-M00	OAS1_0137_MR1	F	2.0	87	1.0	AD	R	22.0	1.0	AD
sub-OASIS10138	ses-M00	OAS1_0138_MR1	M	2.0	80	0.0	CN	R	28.0	0.0	CN
sub-OASIS10139	ses-M00	OAS1_0139_MR1	F	3.0	72	0.0	CN	R	28.0	0.0	CN
sub-OASIS10142	ses-M00	OAS1_0142_MR1	M	4.0	70	0.5	AD	R	27.0	0.5	AD
sub-OASIS10143	ses-M00	OAS1_0143_MR1	M	2.0	66	0.5	AD	R	30.0	0.5	AD
sub-OASIS10146	ses-M00	OAS1_0146_MR1	F	5.0	82	0.0	CN	R	28.0	0.0	CN
sub-OASIS10155	ses-M00	OAS1_0155_MR1	M	4.0	71	0.5	AD	R	28.0	0.5	AD
sub-OASIS10157	ses-M00	OAS1_0157_MR1	F	4.0	86	0.0	CN	R	30.0	0.0	CN
sub-OASIS10158	ses-M00	OAS1_0158_MR1	M	5.0	81	0.5	AD	R	26.0	0.5	AD
sub-OASIS10161	ses-M00	OAS1_0161_MR1	F	2.0	84	0.5	AD	R	27.0	0.5	AD
sub-OASIS10164	ses-M00	OAS1_0164_MR1	F	2.0	81	0.5	AD	R	28.0	0.5	AD
sub-OASIS10165	ses-M00	OAS1_0165_MR1	F	2.0	74	0.0	CN	R	29.0	0.0	CN
sub-OASIS10166	ses-M00	OAS1_0166_MR1	F	2.0	80	0.5	AD	R	27.0	0.5	AD
sub-OASIS10169	ses-M00	OAS1_0169_MR1	F	2.0	88	0.0	CN	R	30.0	0.0	CN
sub-OASIS10170	ses-M00	OAS1_0170_MR1	M	2.0	71	0.0	CN	R	29.0	0.0	CN
sub-OASIS10176	ses-M00	OAS1_0176_MR1	F	3.0	88	0.0	CN	R	29.0	0.0	CN
sub-OASIS10179	ses-M00	OAS1_0179_MR1	F	2.0	87	0.5	AD	R	21.0	0.5	AD
sub-OASIS10180	ses-M00	OAS1_0180_MR1	F	4.0	80	0.0	CN	R	30.0	0.0	CN
sub-OASIS10184	ses-M00	OAS1_0184_MR1	F	2.0	65	1.0	AD	R	16.0	1.0	AD
sub-OASIS10185	ses-M00	OAS1_0185_MR1	F	2.0	78	1.0	AD	R	17.0	1.0	AD
sub-OASIS10186	ses-M00	OAS1_0186_MR1	M	5.0	84	0.0	CN	R	29.0	0.0	CN
sub-OASIS10195	ses-M00	OAS1_0195_MR1	F	4.0	76	0.0	CN	R	28.0	0.0	CN
sub-OASIS10197	ses-M00	OAS1_0197_MR1	F	3.0	89	0.0	CN	R	29.0	0.0	CN
sub-OASIS10199	ses-M00	OAS1_0199_MR1	M	5.0	69	0.0	CN	R	30.0	0.0	CN
sub-OASIS10201	ses-M00	OAS1_0201_MR1	F	4.0	85	0.0	CN	R	26.0	0.0	CN
sub-OASIS10203	ses-M00	OAS1_0203_MR1	F	2.0	71	0.0	CN	R	30.0	0.0	CN
sub-OASIS10205	ses-M00	OAS1_0205_MR1	M	4.0	75	0.5	AD	R	30.0	0.5	AD
sub-OASIS10206	ses-M00	OAS1_0206_MR1	F	5.0	78	0.0	CN	R	30.0	0.0	CN
sub-OASIS10210	ses-M00	OAS1_0210_MR1	F	4.0	73	0.5	AD	R	28.0	0.5	AD
sub-OASIS10212	ses-M00	OAS1_0212_MR1	F	3.0	74	0.0	CN	R	28.0	0.0	CN
sub-OASIS10216	ses-M00	OAS1_0216_MR1	F	4.0	71	0.0	CN	R	30.0	0.0	CN
sub-OASIS10217	ses-M00	OAS1_0217_MR1	F	4.0	78	0.5	AD	R	27.0	0.5	AD
sub-OASIS10220	ses-M00	OAS1_0220_MR1	F	5.0	75	0.0	CN	R	30.0	0.0	CN
sub-OASIS10221	ses-M00	OAS1_0221_MR1	F	5.0	94	0.0	CN	R	29.0	0.0	CN
sub-OASIS10223	ses-M00	OAS1_0223_MR1	M	2.0	84	1.0	AD	R	20.0	1.0	AD
sub-OASIS10226	ses-M00	OAS1_0226_MR1	M	1.0	90	0.5	AD	R	23.0	0.5	AD
sub-OASIS10228	ses-M00	OAS1_0228_MR1	F	3.0	81	0.0	CN	R	28.0	0.0	CN
sub-OASIS10233	ses-M00	OAS1_0233_MR1	F	1.0	77	0.5	AD	R	20.0	0.5	AD
sub-OASIS10234	ses-M00	OAS1_0234_MR1	M	5.0	75	0.0	CN	R	29.0	0.0	CN
sub-OASIS10237	ses-M00	OAS1_0237_MR1	F	2.0	72	0.0	CN	R	27.0	0.0	CN
sub-OASIS10238	ses-M00	OAS1_0238_MR1	F	2.0	77	0.5	AD	R	28.0	0.5	AD
sub-OASIS10240	ses-M00	OAS1_0240_MR1	F	2.0	74	0.5	AD	R	26.0	0.5	AD
sub-OASIS10241	ses-M00	OAS1_0241_MR1	F	5.0	74	0.0	CN	R	30.0	0.0	CN
sub-OASIS10243	ses-M00	OAS1_0243_MR1	M	5.0	64	0.5	AD	R	22.0	0.5	AD
sub-OASIS10244	ses-M00	OAS1_0244_MR1	F	4.0	80	0.0	CN	R	29.0	0.0	CN
sub-OASIS10247	ses-M00	OAS1_0247_MR1	M	2.0	90	0.5	AD	R	21.0	0.5	AD
sub-OASIS10254	ses-M00	OAS1_0254_MR1	F	5.0	85	0.0	CN	R	29.0	0.0	CN
sub-OASIS10255	ses-M00	OAS1_0255_MR1	F	5.0	71	0.0	CN	R	30.0	0.0	CN
sub-OASIS10256	ses-M00	OAS1_0256_MR1	M	5.0	70	0.0	CN	R	30.0	0.0	CN
sub-OASIS10259	ses-M00	OAS1_0259_MR1	F	3.0	78	0.0	CN	R	29.0	0.0	CN
sub-OASIS10260	ses-M00	OAS1_0260_MR1	M	2.0	87	0.0	CN	R	30.0	0.0	CN
sub-OASIS10263	ses-M00	OAS1_0263_MR1	M	4.0	79	0.5	AD	R	30.0	0.5	AD
sub-OASIS10267	ses-M00	OAS1_0267_MR1	M	5.0	80	0.5	AD	R	28.0	0.5	AD
sub-OASIS10268	ses-M00	OAS1_0268_MR1	M	2.0	78	1.0	AD	R	23.0	1.0	AD
sub-OASIS10269	ses-M00	OAS1_0269_MR1	F	1.0	72	1.0	AD	R	21.0	1.0	AD
sub-OASIS10270	ses-M00	OAS1_0270_MR1	F	3.0	93	0.0	CN	R	30.0	0.0	CN
sub-OASIS10271	ses-M00	OAS1_0271_MR1	F	2.0	89	0.0	CN	R	27.0	0.0	CN
sub-OASIS10272	ses-M00	OAS1_0272_MR1	F	3.0	75	0.5	AD	R	26.0	0.5	AD
sub-OASIS10273	ses-M00	OAS1_0273_MR1	F	1.0	89	0.5	AD	R	18.0	0.5	AD
sub-OASIS10278	ses-M00	OAS1_0278_MR1	F	5.0	96	1.0	AD	R	26.0	1.0	AD
sub-OASIS10279	ses-M00	OAS1_0279_MR1	F	1.0	73	0.0	CN	R	30.0	0.0	CN
sub-OASIS10280	ses-M00	OAS1_0280_MR1	F	5.0	78	0.0	CN	R	30.0	0.0	CN
sub-OASIS10284	ses-M00	OAS1_0284_MR1	F	5.0	91	0.0	CN	R	30.0	0.0	CN
sub-OASIS10286	ses-M00	OAS1_0286_MR1	F	3.0	83	0.5	AD	R	20.0	0.5	AD
sub-OASIS10287	ses-M00	OAS1_0287_MR1	F	3.0	78	0.5	AD	R	21.0	0.5	AD
sub-OASIS10288	ses-M00	OAS1_0288_MR1	M	2.0	71	0.5	AD	R	20.0	0.5	AD
sub-OASIS10290	ses-M00	OAS1_0290_MR1	M	3.0	83	0.5	AD	R	26.0	0.5	AD
sub-OASIS10291	ses-M00	OAS1_0291_MR1	F	2.0	73	1.0	AD	R	19.0	1.0	AD
sub-OASIS10292	ses-M00	OAS1_0292_MR1	F	4.0	64	0.0	CN	R	30.0	0.0	CN
sub-OASIS10293	ses-M00	OAS1_0293_MR1	F	1.0	69	0.0	CN	R	26.0	0.0	CN
sub-OASIS10298	ses-M00	OAS1_0298_MR1	F	4.0	72	0.5	AD	R	24.0	0.5	AD
sub-OASIS10299	ses-M00	OAS1_0299_MR1	F	2.0	90	0.0	CN	R	29.0	0.0	CN
sub-OASIS10300	ses-M00	OAS1_0300_MR1	M	3.0	68	0.5	AD	R	30.0	0.5	AD
sub-OASIS10301	ses-M00	OAS1_0301_MR1	F	3.0	90	0.0	CN	R	28.0	0.0	CN
sub-OASIS10303	ses-M00	OAS1_0303_MR1	F	2.0	67	0.0	CN	R	30.0	0.0	CN
sub-OASIS10304	ses-M00	OAS1_0304_MR1	M	3.0	84	0.5	AD	R	29.0	0.5	AD
sub-OASIS10307	ses-M00	OAS1_0307_MR1	M	4.0	67	0.5	AD	R	23.0	0.5	AD
sub-OASIS10308	ses-M00	OAS1_0308_MR1	F	3.0	78	2.0	AD	R	15.0	2.0	AD
sub-OASIS10312	ses-M00	OAS1_0312_MR1	F	3.0	73	0.5	AD	R	26.0	0.5	AD
sub-OASIS10315	ses-M00	OAS1_0315_MR1	M	5.0	77	0.5	AD	R	25.0	0.5	AD
sub-OASIS10316	ses-M00	OAS1_0316_MR1	F	4.0	72	1.0	AD	R	22.0	1.0	AD
sub-OASIS10317	ses-M00	OAS1_0317_MR1	M	4.0	86	0.0	CN	R	26.0	0.0	CN
sub-OASIS10322	ses-M00	OAS1_0322_MR1	F	3.0	65	0.0	CN	R	29.0	0.0	CN
sub-OASIS10326	ses-M00	OAS1_0326_MR1	F	3.0	73	0.0	CN	R	29.0	0.0	CN
sub-OASIS10329	ses-M00	OAS1_0329_MR1	F	2.0	80	0.5	AD	R	29.0	0.5	AD
sub-OASIS10330	ses-M00	OAS1_0330_MR1	F	1.0	80	0.0	CN	R	27.0	0.0	CN
sub-OASIS10332	ses-M00	OAS1_0332_MR1	M	1.0	72	0.0	CN	R	29.0	0.0	CN
sub-OASIS10335	ses-M00	OAS1_0335_MR1	F	1.0	80	0.5	AD	R	27.0	0.5	AD
sub-OASIS10337	ses-M00	OAS1_0337_MR1	M	1.0	81	0.0	CN	R	28.0	0.0	CN
sub-OASIS10338	ses-M00	OAS1_0338_MR1	M	4.0	77	0.0	CN	R	29.0	0.0	CN
sub-OASIS10339	ses-M00	OAS1_0339_MR1	F	2.0	79	0.5	AD	R	24.0	0.5	AD
sub-OASIS10341	ses-M00	OAS1_0341_MR1	F	2.0	71	0.0	CN	R	30.0	0.0	CN
sub-OASIS10342	ses-M00	OAS1_0342_MR1	F	2.0	88	0.0	CN	R	28.0	0.0	CN
sub-OASIS10343	ses-M00	OAS1_0343_MR1	M	3.0	68	0.0	CN	R	30.0	0.0	CN
sub-OASIS10351	ses-M00	OAS1_0351_MR1	M	1.0	86	2.0	AD	R	15.0	2.0	AD
sub-OASIS10352	ses-M00	OAS1_0352_MR1	F	5.0	81	0.5	AD	R	26.0	0.5	AD
sub-OASIS10354	ses-M00	OAS1_0354_MR1	M	1.0	74	0.0	CN	R	26.0	0.0	CN
sub-OASIS10355	ses-M00	OAS1_0355_MR1	F	4.0	73	0.0	CN	R	29.0	0.0	CN
sub-OASIS10356	ses-M00	OAS1_0356_MR1	F	3.0	68	0.0	CN	R	30.0	0.0	CN
sub-OASIS10358	ses-M00	OAS1_0358_MR1	M	3.0	65	0.0	CN	R	29.0	0.0	CN
sub-OASIS10362	ses-M00	OAS1_0362_MR1	F	3.0	63	0.5	AD	R	14.0	0.5	AD
sub-OASIS10363	ses-M00	OAS1_0363_MR1	M	4.0	87	0.0	CN	R	30.0	0.0	CN
sub-OASIS10365	ses-M00	OAS1_0365_MR1	M	5.0	74	0.0	CN	R	30.0	0.0	CN
sub-OASIS10369	ses-M00	OAS1_0369_MR1	F	4.0	73	0.0	CN	R	28.0	0.0	CN
sub-OASIS10371	ses-M00	OAS1_0371_MR1	F	3.0	70	0.0	CN	R	30.0	0.0	CN
sub-OASIS10373	ses-M00	OAS1_0373_MR1	F	3.0	80	1.0	AD	R	20.0	1.0	AD
sub-OASIS10374	ses-M00	OAS1_0374_MR1	F	3.0	73	0.5	AD	R	29.0	0.5	AD
sub-OASIS10380	ses-M00	OAS1_0380_MR1	F	1.0	83	0.5	AD	R	18.0	0.5	AD
sub-OASIS10382	ses-M00	OAS1_0382_MR1	F	4.0	67	1.0	AD	R	15.0	1.0	AD
sub-OASIS10388	ses-M00	OAS1_0388_MR1	F	2.0	77	1.0	AD	R	22.0	1.0	AD
sub-OASIS10390	ses-M00	OAS1_0390_MR1	M	2.0	69	0.5	AD	R	24.0	0.5	AD
sub-OASIS10398	ses-M00	OAS1_0398_MR1	M	5.0	71	0.0	CN	R	30.0	0.0	CN
sub-OASIS10399	ses-M00	OAS1_0399_MR1	M	2.0	78	1.0	AD	R	29.0	1.0	AD
sub-OASIS10400	ses-M00	OAS1_0400_MR1	F	5.0	92	0.5	AD	R	25.0	0.5	AD
sub-OASIS10402	ses-M00	OAS1_0402_MR1	F	3.0	76	0.5	AD	R	30.0	0.5	AD
sub-OASIS10404	ses-M00	OAS1_0404_MR1	F	2.0	73	0.0	CN	R	29.0	0.0	CN
sub-OASIS10405	ses-M00	OAS1_0405_MR1	M	5.0	77	1.0	AD	R	23.0	1.0	AD
sub-OASIS10411	ses-M00	OAS1_0411_MR1	F	5.0	71	0.5	AD	R	29.0	0.5	AD
sub-OASIS10418	ses-M00	OAS1_0418_MR1	M	5.0	74	0.5	AD	R	28.0	0.5	AD
sub-OASIS10422	ses-M00	OAS1_0422_MR1	F	4.0	69	0.0	CN	R	29.0	0.0	CN
sub-OASIS10423	ses-M00	OAS1_0423_MR1	M	2.0	75	0.0	CN	R	28.0	0.0	CN
sub-OASIS10424	ses-M00	OAS1_0424_MR1	M	4.0	75	1.0	AD	R	20.0	1.0	AD
sub-OASIS10425	ses-M00	OAS1_0425_MR1	F	1.0	78	1.0	AD	R	23.0	1.0	AD
sub-OASIS10426	ses-M00	OAS1_0426_MR1	F	5.0	82	0.0	CN	R	29.0	0.0	CN
sub-OASIS10428	ses-M00	OAS1_0428_MR1	F	4.0	84	0.0	CN	R	28.0	0.0	CN
sub-OASIS10430	ses-M00	OAS1_0430_MR1	M	4.0	71	1.0	AD	R	17.0	1.0	AD
sub-OASIS10432	ses-M00	OAS1_0432_MR1	F	2.0	72	0.5	AD	R	26.0	0.5	AD
sub-OASIS10438	ses-M00	OAS1_0438_MR1	F	5.0	66	0.0	CN	R	29.0	0.0	CN
sub-OASIS10440	ses-M00	OAS1_0440_MR1	M	1.0	86	0.5	AD	R	27.0	0.5	AD
sub-OASIS10441	ses-M00	OAS1_0441_MR1	M	5.0	81	0.5	AD	R	29.0	0.5	AD
sub-OASIS10445	ses-M00	OAS1_0445_MR1	F	1.0	90	0.0	CN	R	29.0	0.0	CN
sub-OASIS10446	ses-M00	OAS1_0446_MR1	F	2.0	80	0.0	CN	R	30.0	0.0	CN
sub-OASIS10447	ses-M00	OAS1_0447_MR1	F	4.0	92	0.5	AD	R	24.0	0.5	AD
sub-OASIS10449	ses-M00	OAS1_0449_MR1	F	3.0	71	0.0	CN	R	29.0	0.0	CN
sub-OASIS10451	ses-M00	OAS1_0451_MR1	M	5.0	73	0.5	AD	R	27.0	0.5	AD
sub-OASIS10452	ses-M00	OAS1_0452_MR1	M	1.0	75	1.0	AD	R	22.0	1.0	AD
sub-OASIS10453	ses-M00	OAS1_0453_MR1	F	1.0	70	0.5	AD	R	29.0	0.5	AD
sub-OASIS10454	ses-M00	OAS1_0454_MR1	F	3.0	73	0.5	AD	R	23.0	0.5	AD
sub-OASIS10455	ses-M00	OAS1_0455_MR1	F	2.0	61	0.0	CN	R	28.0	0.0	CN
sub-OASIS10456	ses-M00	OAS1_0456_MR1	M	5.0	61	0.0	CN	R	30.0	0.0	CN
sub-OASIS10457	ses-M00	OAS1_0457_MR1	F	3.0	62	0.0	CN	R	26.0	0.0	CN
